evidence_id,channel_id,side,access_mode,market_claim_code,claim_supported,observation_or_quote,source_name,source_url_or_locator,source_date,source_class,independence_level,alternative_explanation,what_it_does_not_prove,object_or_alternative
E-01,CH-01,object_side,public_web,O,"Голосовой бот СК «Кардиф» — I место среди страховых в Chatbot Rank 2023 (Markswebb) — независимый рейтинг",Независимое признание качества,Markswebb Chatbot Rank 2023,https://markswebb.ru/,2026-09-20,independent_account,medium,Рейтинг 2023 может устареть,Текущее качество и выручку,object
E-02,CH-01,object_side,public_web,O,"Бот Альфа-Банка — II место среди ботов мобильного банкинга (Chatbot Rank 2023)",Независимое признание,Markswebb Chatbot Rank 2023,https://markswebb.ru/,2026-09-20,independent_account,medium,Устаревание рейтинга,Текущие контракты,object
E-03,CH-01,object_side,public_web,A,"Продуктовая линейка: Agents Platform (мультиагентные системы), ИИ-рекрутер, Cotype, WordPulse",Позиционирование в агентной волне 2026,Just AI,https://just-ai.com/,2026-09-20,object_self_claim,low,Продукты ≠ продажи,Спрос на агентов,object
E-04,CH-02,alternative_side,public_web,A,"MTS AI: Agents Platform + ИИ-решения для банков/ритейла + кейсы МТС — прямой конкурент",Конкурентный ландшафт,MTS AI,https://mts.ai/,2026-09-20,competitor_docs,medium,Наличие ≠ usage,Долю рынка MWS,A-02
E-05,CH-01,object_side,public_web,G,"GenAI-консалтинг: «диагностика процессов и дорожная карта внедрения» — ответ на gap некомпетентности клиентов",Позиционирование под job внедрения,Just AI,https://just-ai.com/,2026-09-20,object_self_claim,low,Маркетинг ≠ спрос,Платящую волну консалтинга,object
E-06,CH-01,object_side,public_web,T,"Хакатоны и кейс-чемпионаты «под ключ» как продукт — монетизация экспертизы",Расширение модели монетизации,Just AI,https://just-ai.com/,2026-09-20,object_self_claim,low,Наличие продукта ≠ продажи,Выручку направления,object
E-07,CH-04,buyer_side,public_web,O,"Независимые отзывы клиентов не найдены — object proof ограничен рейтингами 2023",Отсутствие свежего независимого подтверждения,not_available,not_available,2026-09-20,independent_account,medium,Может существовать вне поля,Свежие кейсы с исходами,object
E-08,CH-02,alternative_side,public_web,F,"Экосистемные конкуренты (Сбер, МТС) имеют встроенный канал дистрибуции — friction для независимого вендора",Структурное давление на независимых,MTS AI,https://mts.ai/,2026-09-20,competitor_docs,medium,Экосистема ≠ автоматическая победа,Реальную долю экосистем,A-02
E-09,CH-01,buyer_side,public_web,J,"Рейтинг ботов мобильного банкинга существует и публикуется — корпорации внедряют ботов и соревнуются качеством",Существование категории подтверждено независимым исследованием,Markswebb Chatbot Rank 2023,https://markswebb.ru/,2026-09-20,independent_account,medium,Рейтинг ≠ объём спроса,Объём рынка,object
